protein_id,locus_tag,gene_strand,g4_chrom,g4_start,g4_end,g4_strand,g4_seq
CAI2733540.1,SSPN1_LOCUS7256,-,OX336416.1,7869498,7869516,-,GGGTGGGTGGGTGGTGGG
CAI2735524.1,SSPN1_LOCUS8491,+,OX336416.1,58025531,58025567,+,
CAI2729468.1,SSPN1_LOCUS4502,+,OX336417.1,705905,705926,+,GGGTGAGGGTGAGGGTAAGGG
CAI2729534.1,SSPN1_LOCUS4549,+,OX336417.1,2782083,2782102,-,GGGGGGGAGGGTAGAAGGG
CAI2729761.1,SSPN1_LOCUS4688,-,OX336417.1,8168442,8168463,-,GGGGGGGGAGGGTGGAGGGGG
CAI2730555.1,SSPN1_LOCUS5195,+,OX336417.1,29708731,29708749,+,GGGAGGGAGGGCCTAGGG
CAI2730961.1,SSPN1_LOCUS5479,-,OX336417.1,41667119,41667138,+,Gggggggagggagggaggg
CAI2729295.1,SSPN1_LOCUS4387,-,OX336418.1,43390929,43390949,-,GGGGGTGGGGTGGGGGTGGG
CAI2731137.1,SSPN1_LOCUS5593,+,OX336419.1,1428299,1428314,-,gggagggagggaggg
CAI2731142.1,SSPN1_LOCUS5596,+,OX336419.1,1552684,1552706,+,GGGGGTGGGTGAGGGTGAGGGG
CAI2722686.1,SSPN1_LOCUS206,+,OX336420.1,10659565,10659622,+,ggggaaattttggggagcTTTGGGGATATTTTGGGGAGCTTTGGGGAtattttgggg
CAI2723105.1,SSPN1_LOCUS462,-,OX336420.1,21249603,21249628,+,GGGCTGGTGGGTTATATGGGTTGGG
CAI2724260.1,SSPN1_LOCUS1177,+,OX336420.1,48433472,48433507,+,gggaaataaaggggaaaaaaggggaaataaagggg
CAI2731868.1,SSPN1_LOCUS6091,+,OX336421.1,1799149,1799183,+,ggggggataGGGGACAGGGGGCAGGGGGAAGGGG
CAI2732535.1,SSPN1_LOCUS6574,-,OX336421.1,21359651,21359674,+,GGGTGGGGTTGGGGTTAGGGGGG
CAI2732559.1,SSPN1_LOCUS6592,-,OX336421.1,22353496,22353515,+,GGGGTGGGGTGGGGGGGGG
CAI2732581.1,SSPN1_LOCUS6607,-,OX336421.1,23117016,23117037,+,GGGTGGGGGGGGGTAGAAGGG
CAI2732759.1,SSPN1_LOCUS6721,+,OX336423.1,1549396,1549421,+,GGGCTCGAGGGACTTAGGGTTTGGG
CAI2732776.1,SSPN1_LOCUS6730,-,OX336423.1,1994931,1994953,+,GGGTGAGGAGGGCTGGGGAGGG
CAI2732783.1,SSPN1_LOCUS6735,-,OX336423.1,2369920,2369945,+,GGGATGGGGTGGGATGCAGGGTGGG
CAI2732899.1,SSPN1_LOCUS6817,+,OX336423.1,6297442,6297467,+,GGGGGGGTAGGGTAGGGTAGGTGGG
CAI2732904.1,SSPN1_LOCUS6821,-,OX336423.1,6460531,6460546,-,gggagggagggaggg
CAI2733251.1,SSPN1_LOCUS7051,+,OX336423.1,16719541,16719560,+,GGGTTGGGGTGGGGTGGGG
CAI2725834.1,SSPN1_LOCUS2219,-,OX336424.1,726877,726905,+,GGGGTGGAGTGGGGTGGTGGGGTGGGGG
CAI2726781.1,SSPN1_LOCUS2832,-,OX336424.1,27471359,27471380,+,gggtGAGGGTTGGGTGTGGGG
