chrom,promoter_start,promoter_end,structure_start,structure_end,score_or_strand
OX103943.1,34311768,34312768,34312030,34312066,.
OX103943.1,63787328,63788328,63787485,63787515,.
OX103943.1,79400059,79401059,79400760,79400790,.
OX103943.1,81372746,81373746,81373102,81373138,.
OX103944.1,38633850,38634850,38634039,38634060,.
OX103944.1,44960260,44961260,44960835,44960859,.
OX103945.1,5244889,5245889,5245439,5245478,.
OX103945.1,35900266,35901266,35900448,35900467,.
OX103945.1,45098038,45099038,45099011,45099044,.
OX103945.1,47898573,47899573,47899413,47899433,.
OX103947.1,17698665,17699665,17699561,17699579,.
OX103947.1,30967178,30968178,30967153,30967184,.
OX103947.1,41372306,41373306,41372576,41372596,.
OX103947.1,44293659,44294659,44293695,44293723,.
OX103947.1,53442375,53443375,53442769,53442802,.
OX103947.1,69370999,69371999,69371109,69371143,.
OX103947.1,84871420,84873067,84871741,84871760,.
OX103948.1,3707920,3708920,3707931,3707955,.
OX103948.1,4493372,4494372,4494083,4494106,.
OX103948.1,8167866,8169666,8168417,8168442,.
OX103948.1,20896860,20897860,20897350,20897368,.
OX103948.1,22253701,22254701,22253700,22253728,.
OX103948.1,24397128,24398128,24397434,24397454,.
OX103950.1,2379230,2380264,2379884,2379913,.
OX103950.1,2783441,2784441,2784193,2784217,.
OX103950.1,6508739,6509739,6509404,6509429,.
OX103950.1,17334848,17335848,17335750,17335769,.
OX103951.1,4769299,4771137,4770276,4770291,.
OX103951.1,14048436,14049693,14049293,14049315,.
OX103951.1,46841461,46842461,46842049,46842073,.
